{
  "hash": "1abc20fe",
  "configHash": "f102780d",
  "lockfileHash": "eacc6b50",
  "browserHash": "87a19ccb",
  "optimized": {
    "@angular/common": {
      "src": "../../../../../../node_modules/@angular/common/fesm2022/common.mjs",
      "file": "@angular_common.js",
      "fileHash": "a72e60c8",
      "needsInterop": false
    },
    "@angular/common/http": {
      "src": "../../../../../../node_modules/@angular/common/fesm2022/http.mjs",
      "file": "@angular_common_http.js",
      "fileHash": "3a083e8e",
      "needsInterop": false
    },
    "@angular/core": {
      "src": "../../../../../../node_modules/@angular/core/fesm2022/core.mjs",
      "file": "@angular_core.js",
      "fileHash": "3dc0fccd",
      "needsInterop": false
    },
    "@angular/forms": {
      "src": "../../../../../../node_modules/@angular/forms/fesm2022/forms.mjs",
      "file": "@angular_forms.js",
      "fileHash": "5a343a4d",
      "needsInterop": false
    },
    "@angular/platform-browser": {
      "src": "../../../../../../node_modules/@angular/platform-browser/fesm2022/platform-browser.mjs",
      "file": "@angular_platform-browser.js",
      "fileHash": "eb2d0c2c",
      "needsInterop": false
    },
    "@angular/router": {
      "src": "../../../../../../node_modules/@angular/router/fesm2022/router.mjs",
      "file": "@angular_router.js",
      "fileHash": "a8031672",
      "needsInterop": false
    }
  },
  "chunks": {
    "chunk-JXUDQ2XW": {
      "file": "chunk-JXUDQ2XW.js"
    },
    "chunk-XGKIIQTF": {
      "file": "chunk-XGKIIQTF.js"
    },
    "chunk-AOLLIELE": {
      "file": "chunk-AOLLIELE.js"
    },
    "chunk-WSXAGCHK": {
      "file": "chunk-WSXAGCHK.js"
    }
  }
}